<?xml version="1.0"?>
<doc>
    <assembly>
        <name>JTest</name>
    </assembly>
    <members>
        <member name="M:JTest.command.getLevelList">
            Created by ToanNN
            <summary>
            Lấy danh sách các cấp độ có trong database hiện tại
            </summary>
            <returns>Danh sách các lavel có trong database hiện tại</returns>
        </member>
        <member name="M:JTest.command.getTypeList(System.String)">
            Created by ToanNN
            <summary>
            lấy danh sách kiểu trong database hiện tại
            </summary>
            <param name="strSelectedLevel">Cấp độ được chọn</param>
            <returns>Danh sách các kiểu có trong database hiện tại</returns>
        </member>
        <member name="M:JTest.command.GetTempDirectory">
            /// Created by ToanNN
            <summary>
            tạo một thư mục tạm để chứa file data
            </summary>
            <returns>trả về đường dẫn đầy đủ của thư mục vừa tạo</returns>
        </member>
        <member name="M:JTest.command.extractDB(System.String)">
            /// Created by ToanNN
            <summary>
            Extract database từ resource
            </summary>
            <param name="path">Đường dẫn để tạo file extract</param>
        </member>
        <member name="M:JTest.command.createRamdomList(System.Int32,System.Int32,System.Collections.Generic.List{System.Int32})">
            Created by ToanNN
            <summary>
            Creates the ramdom list.
            </summary>
            <param name="maxValue">The max value.</param>
            <param name="listCount">The list count.</param>
            <param name="excludedList">The excluded list.</param>
            <returns>RandomList or null if can't create List</returns>
        </member>
        <member name="M:JTest.command.getListFilesInDir(System.String,System.String,System.IO.SearchOption)">
            Created by ToanNN
            <summary>
            Gets the list files in dir.
            </summary>
            <param name="dirPath">The dir path.</param>
            <param name="pattern">The pattern.</param>
            <param name="option">The option.</param>
            <returns>List of files in dir or null if can't get list of file.</returns>
        </member>
        <member name="M:JTest.command.convertLevel(System.String)">
            <summary>
            Converts the level.
            </summary>
            <param name="level">The level.</param>
            <returns></returns>
        </member>
        <member name="M:JTest.command.convertType(System.String)">
            <summary>
            Converts the type.
            </summary>
            <param name="type">The type.</param>
            <returns></returns>
        </member>
        <member name="M:JTest.command.SwapString(System.String@,System.String@)">
            <summary>
            Swaps 2 strings.
            </summary>
            <param name="S1">The s1.</param>
            <param name="S2">The s2.</param>
            <returns></returns>
        </member>
        <member name="M:JTest.command.unscrambler(JTest.DTO.QuestionDTO)">
            <summary>
            Unscramblers the specified q.
            </summary>
            <param name="q">The q.</param>
            <returns></returns>
        </member>
        <member name="F:JTest.GUI.frmTaoDeThi_NhieuDB.components">
            <summary>
            Required designer variable.
            </summary>
        </member>
        <member name="M:JTest.GUI.frmTaoDeThi_NhieuDB.Dispose(System.Boolean)">
            <summary>
            Clean up any resources being used.
            </summary>
            <param name="disposing">true if managed resources should be disposed; otherwise, false.</param>
        </member>
        <member name="M:JTest.GUI.frmTaoDeThi_NhieuDB.InitializeComponent">
            <summary>
            Required method for Designer support - do not modify
            the contents of this method with the code editor.
            </summary>
        </member>
        <member name="M:JTest.GUI.frmTaoDeThi_NhieuDB.controlLang">
            <summary>
            Controls the lang.
            </summary>
            @nhannc
        </member>
        <member name="M:JTest.GUI.frmTaoDeThi_NhieuDB.LoadCombobox">
            <summary>
            add text to combobox
            </summary>
        </member>
        <member name="M:JTest.GUI.frmTaoDeThi_NhieuDB.convertCbValue(System.String,System.String,System.Int32@,System.Int32@)">
            @author ToanNN
            <summary>
            chuyển giá trị trong combobox thành tên table
            </summary>
            <param name="strLevel"></param>
            <param name="strType"></param>
            <returns></returns>
        </member>
        <member name="M:JTest.GUI.frmSetting.nudSoCau_ValueChanged(System.Object,System.EventArgs)">
            <summary>
            Ham bat su kien value cua nudSoCau thay doi
            </summary>
            <param name="sender"></param>
            <param name="e"></param>
        </member>
        <member name="F:JTest.GUI.frmSetting.components">
            <summary>
            Required designer variable.
            </summary>
        </member>
        <member name="M:JTest.GUI.frmSetting.Dispose(System.Boolean)">
            <summary>
            Clean up any resources being used.
            </summary>
            <param name="disposing">true if managed resources should be disposed; otherwise, false.</param>
        </member>
        <member name="M:JTest.GUI.frmSetting.InitializeComponent">
            <summary>
            Required method for Designer support - do not modify
            the contents of this method with the code editor.
            </summary>
        </member>
        <member name="T:JTest.GUI.FormThi">
            <summary>
            @Author : LuongGV
            </summary>
        </member>
        <member name="F:JTest.GUI.FormThi.components">
            <summary>
            Required designer variable.
            </summary>
        </member>
        <member name="M:JTest.GUI.FormThi.InitializeComponent">
            <summary>
            Required method for Designer support - do not modify
            the contents of this method with the code editor.
            </summary>
        </member>
        <member name="F:JTest.GUI.FormThi.cau">
             @nhannc
            
        </member>
        <member name="M:JTest.GUI.FormThi.controlLang">
            @nhannc
            
        </member>
        <member name="M:JTest.GUI.FormThi.chkFlag_CheckedChanged(System.Object,System.EventArgs)">
            <summary>
            Handles the CheckedChanged event of the chkFlag control.
            Display Properly image for Marked Question
            </summary>
            <param name="sender">The source of the event.</param>
            <param name="e">The <see cref="T:System.EventArgs"/> instance containing the event data.</param>
        </member>
        <member name="M:JTest.GUI.FormThi.chkFlag_MouseHover(System.Object,System.EventArgs)">
            <summary>
            Handles the MouseHover event of the chkFlag control.
            </summary>
            <param name="sender">The source of the event.</param>
            <param name="e">The <see cref="T:System.EventArgs"/> instance containing the event data.</param>
        </member>
        <member name="M:JTest.GUI.FormThi.chkFlag_MouseLeave(System.Object,System.EventArgs)">
            <summary>
            Handles the MouseLeave event of the chkFlag control.
            </summary>
            <param name="sender">The source of the event.</param>
            <param name="e">The <see cref="T:System.EventArgs"/> instance containing the event data.</param>
        </member>
        <member name="M:JTest.GUI.FormThi.displayCurrentQuestion">
            <summary>
            Displays the current question content in gboxQuestion panel.
            </summary>
        </member>
        <member name="M:JTest.GUI.FormThi.btnQuestion_Click(System.Object,System.EventArgs)">
            <summary>
            Handles the Click event of the btnQuestion control.
            Go to clicked question button
            </summary>
            <param name="sender">The source of the event.</param>
            <param name="e">The <see cref="T:System.EventArgs"/> instance containing the event data.</param>
        </member>
        <member name="M:JTest.GUI.FormThi.btnFirst_Click(System.Object,System.EventArgs)">
            <summary>
            Handles the Click event of the btnFirst control.
            </summary>
            <param name="sender">The source of the event.</param>
            <param name="e">The <see cref="T:System.EventArgs"/> instance containing the event data.</param>
        </member>
        <member name="M:JTest.GUI.FormThi.btnPrev_Click(System.Object,System.EventArgs)">
            <summary>
            Handles the Click event of the btnPrev control.
            </summary>
            <param name="sender">The source of the event.</param>
            <param name="e">The <see cref="T:System.EventArgs"/> instance containing the event data.</param>
        </member>
        <member name="M:JTest.GUI.FormThi.btnNext_Click(System.Object,System.EventArgs)">
            <summary>
            Handles the Click event of the btnNext control.
            </summary>
            <param name="sender">The source of the event.</param>
            <param name="e">The <see cref="T:System.EventArgs"/> instance containing the event data.</param>
        </member>
        <member name="M:JTest.GUI.FormThi.btnLast_Click(System.Object,System.EventArgs)">
            <summary>
            Handles the Click event of the btnLast control.
            </summary>
            <param name="sender">The source of the event.</param>
            <param name="e">The <see cref="T:System.EventArgs"/> instance containing the event data.</param>
        </member>
        <member name="M:JTest.GUI.FormThi.txtCurQuestionNumber_Leave(System.Object,System.EventArgs)">
            <summary>
            Handles the Leave event of the txtCurQuestionNumber control.
            </summary>
            <param name="sender">The source of the event.</param>
            <param name="e">The <see cref="T:System.EventArgs"/> instance containing the event data.</param>
        </member>
        <member name="M:JTest.GUI.FormThi.txtCurQuestionNumber_KeyPress(System.Object,System.Windows.Forms.KeyPressEventArgs)">
            <summary>
            Handles the KeyPress event of the txtCurQuestionNumber control.
            </summary>
            <param name="sender">The source of the event.</param>
            <param name="e">The <see cref="T:System.Windows.Forms.KeyPressEventArgs"/> instance containing the event data.</param>
        </member>
        <member name="M:JTest.GUI.FormThi.btnFinish_Click(System.Object,System.EventArgs)">
            <summary>
            Handles the Click event of the btnFinish control.
            </summary>
            <param name="sender">The source of the event.</param>
            <param name="e">The <see cref="T:System.EventArgs"/> instance containing the event data.</param>
        </member>
        <member name="M:JTest.GUI.FormThi.FormThi_Load(System.Object,System.EventArgs)">
            <summary>
            Handles the Load event of the FormThi control.
            </summary>
            <param name="sender">The source of the event.</param>
            <param name="e">The <see cref="T:System.EventArgs"/> instance containing the event data.</param>
        </member>
        <member name="M:JTest.GUI.FormThi.txtCurQuestionNumber_Validated(System.Object,System.EventArgs)">
            <summary>
            Handles the Validated event of the txtCurQuestionNumber control.
            </summary>
            <param name="sender">The source of the event.</param>
            <param name="e">The <see cref="T:System.EventArgs"/> instance containing the event data.</param>
        </member>
        <member name="M:JTest.GUI.FormThi.rdAnswer_Click(System.Object,System.EventArgs)">
            <summary>
            Handles the Click event of the rdAnswer control.
            Active Auto next If chkAutoNext = true
            </summary>
            <param name="sender">The source of the event.</param>
            <param name="e">The <see cref="T:System.EventArgs"/> instance containing the event data.</param>
        </member>
        <member name="M:JTest.GUI.FormThi.timerTest_Tick(System.Object,System.EventArgs)">
            <summary>
            Handles the Tick event of the timerTest control.
            </summary>
            <param name="sender">The source of the event.</param>
            <param name="e">The <see cref="T:System.EventArgs"/> instance containing the event data.</param>
        </member>
        <member name="M:JTest.GUI.FormThi.timerAutoNext_Tick(System.Object,System.EventArgs)">
            <summary>
            Handles the Tick event of the timerAutoNext control.
            Auto process to next question when answer chose 
            </summary>
            <param name="sender">The source of the event.</param>
            <param name="e">The <see cref="T:System.EventArgs"/> instance containing the event data.</param>
        </member>
        <member name="M:JTest.GUI.FormThi.clearAnswer">
            <summary>
            Clear checked answer.
            </summary>
        </member>
        <member name="M:JTest.GUI.FormThi.toNext">
            <summary>
            Process to next question.
            </summary>
        </member>
        <member name="M:JTest.GUI.FormThi.toPrev">
            <summary>
            Process to Previous question.
            </summary>
        </member>
        <member name="M:JTest.GUI.FormThi.toLast">
            <summary>
            Process to the last question.
            </summary>
        </member>
        <member name="M:JTest.GUI.FormThi.toFirst">
            <summary>
            Process to the first question.
            </summary>
        </member>
        <member name="M:JTest.GUI.FormThi.toEnteredNumber">
            <summary>
            Process to the entered number.
            </summary>
        </member>
        <member name="M:JTest.GUI.FormThi.startTest">
            <summary>
            Starts the test.
            </summary>
        </member>
        <member name="M:JTest.GUI.FormThi.convertCbValue(System.String,System.String,System.Int32@,System.String@)">
            @author ToanNN
            <summary>
            chuyển giá trị trong combobox thành tên table
            </summary>
            <param name="strLevel"></param>
            <param name="strType"></param>
            <returns></returns>
        </member>
        <member name="M:JTest.GUI.FormThi.finishTest">
            <summary>
            Finishes the test.
            </summary>
        </member>
        <member name="M:JTest.wrongRecord.#ctor">
            <summary>
            Contructor
            </summary>
        </member>
        <member name="M:JTest.GUI.frmMain.#ctor">
            <summary>
            Initializes a new instance of the <see cref="T:JTest.GUI.frmMain"/> class.
            </summary>
        </member>
        <member name="M:JTest.GUI.frmMain.#ctor(System.Int32,System.Int32)">
            <summary>
            Initializes a new instance of the <see cref="T:JTest.GUI.frmMain"/> class.
            </summary>
            <param name="useSlideAnimation">if set to <c>true</c> [use slide animation].</param>
            
        </member>
        <member name="M:JTest.GUI.frmMain.OnClosing(System.ComponentModel.CancelEventArgs)">
            <summary>
            Raises the <see cref="E:System.Windows.Forms.Form.Closing"/> event.
            </summary>
            <param name="e">A <see cref="T:System.ComponentModel.CancelEventArgs"/> that contains the event data.</param>
        </member>
        <member name="F:JTest.GUI.frmMain.components">
            <summary>
            Required designer variable.
            </summary>
        </member>
        <member name="M:JTest.GUI.frmMain.Dispose(System.Boolean)">
            <summary>
            Clean up any resources being used.
            </summary>
            <param name="disposing">true if managed resources should be disposed; otherwise, false.</param>
        </member>
        <member name="M:JTest.GUI.frmMain.InitializeComponent">
            <summary>
            Required method for Designer support - do not modify
            the contents of this method with the code editor.
            </summary>
        </member>
        <member name="M:JTest.BUS.CreateTestBUS.CheckContentCreateTest(System.Int32,System.Int32)">
             <summary>
            Check Test of content, create Test from Grammar or Vocabulary, which Level
             </summary>
             <param name="pl"> distribute Grammar or Vocabulary</param>
             <param name="cd"> To know Which level N1,2...</param>
             <returns> This string to know create Test with which test of content</returns>
        </member>
        <member name="M:JTest.BUS.CreateTestBUS.GetAll(System.Int32,System.Int32)">
            <summary>
            Get List question on Test
            </summary>
            <param name="pl">distribute Grammar or Vocabulary</param>
            <param name="cd">To know Which level: exam N1,2....</param>
            <returns> List: include list of QuestionDTO</returns>
        </member>
        <!-- Badly formed XML comment ignored for member "M:JTest.BUS.CreateTestBUS.RandomScopeNew(System.Collections.Generic.List{JTest.DTO.QuestionDTO},System.Int32,System.Int32,System.Int32,System.Int32,System.Int32,System.Int32)" -->
        <member name="M:JTest.BUS.CreateTestBUS.RandomAll(System.Collections.Generic.List{JTest.DTO.QuestionDTO},System.Int32,System.Int32,System.Int32,System.Int32,System.Int32,System.Int32)">
            <summary>
            List of Question is created by Random question no limit the scope
            </summary>
            <param name="ListPara">List Question need Random</param>
            <param name="loai">Grammar or Vocabulary</param>
            <param name="capdo">N1 or N2...</param>
            <param name="solantrung">So lan trung vd 1,2,3..</param>
            <param name="Min">Min Scope: 0 </param>
            <param name="Max"> Max Scope: ListPara.Length</param>
            <param name="NumberOfQuestion">Number of Question reserved for create Random Test</param>
            <returns>ListRandom: list after random</returns>
        </member>
        <member name="T:JTest.BUS.PracticeLogBUS">
            <summary>
            @Author: TanLA
            @Version: 30092010
            </summary>
        </member>
        <member name="M:JTest.BUS.PracticeLogBUS.loadPracticeLog(System.String)">
            <summary>
            
            </summary>
            <param name="file"></param>
            <returns></returns>
        </member>
        <member name="M:JTest.BUS.PracticeLogBUS.createPracticeLog(System.String,JTest.DTO.PracticeLogDTO)">
            <summary>
            
            </summary>
            <param name="filename"></param>
            <param name="practiceLog"></param>
            <returns></returns>
        </member>
        <member name="M:JTest.BUS.PracticeLogBUS.exportWrongAnswersToExcel(System.String,JTest.DTO.PracticeLogDTO)">
            <summary>
            Ham xuat danh sach cau sai ra file excel
            </summary>
            <param name="filename">kieu string, chua ten file excel</param>
            <param name="p">kieu PracticeLogDTO, chua thong tin log luyen tap</param>
            <returns></returns>
        </member>
        <member name="P:JTest.BUS.PracticeLogBUS.PracticeLogDTO">
            <summary>
            
            </summary>
        </member>
        <member name="M:JTest.Program.Main">
            <summary>
            The main entry point for the application.
            </summary>
        </member>
        <member name="M:JTest.Others.ListenQuestion.#ctor">
            <summary>
            Initializes a new instance of the <see cref="!:Listen"/> class.
            </summary>
        </member>
        <member name="M:JTest.Others.ListenQuestion.isTrue">
            <summary>
            Created by ToanNN
            Determines whether this instance is true.
            </summary>
            <returns>0:donot answer yet; 1:true; -1:false</returns>
        </member>
        <member name="M:JTest.Others.ListenQuestion.getKey">
            <summary>
            Created by ToanNN
            Gets the key from file name
            </summary>
        </member>
        <member name="F:JTest.GUI.frmWait.components">
            <summary>
            Required designer variable.
            </summary>
        </member>
        <member name="M:JTest.GUI.frmWait.Dispose(System.Boolean)">
            <summary>
            Clean up any resources being used.
            </summary>
            <param name="disposing">true if managed resources should be disposed; otherwise, false.</param>
        </member>
        <member name="M:JTest.GUI.frmWait.InitializeComponent">
            <summary>
            Required method for Designer support - do not modify
            the contents of this method with the code editor.
            </summary>
        </member>
        <member name="F:JTest.GUI.frmListenPractice.components">
            <summary>
            Required designer variable.
            </summary>
        </member>
        <member name="M:JTest.GUI.frmListenPractice.Dispose(System.Boolean)">
            <summary>
            Clean up any resources being used.
            </summary>
            <param name="disposing">true if managed resources should be disposed; otherwise, false.</param>
        </member>
        <member name="M:JTest.GUI.frmListenPractice.InitializeComponent">
            <summary>
            Required method for Designer support - do not modify
            the contents of this method with the code editor.
            </summary>
        </member>
        <member name="M:JTest.GUI.frmListenPractice.DrawItemWithColor(System.Object,System.Windows.Forms.DrawItemEventArgs)">
            <summary>
            Draws the color of the item with.
            </summary>
            <param name="sender">The sender.</param>
            <param name="e">The <see cref="T:System.Windows.Forms.DrawItemEventArgs"/> instance containing the event data.</param>
        </member>
        <member name="M:JTest.GUI.frmListenPractice.#ctor(System.String,System.String)">
            <summary>
            Initializes a new instance of the <see cref="T:JTest.GUI.frmListenPractice"/> class.
            </summary>
            <param name="Level">The level.</param>
            <param name="Topic">The topic.</param>
        </member>
        <member name="M:JTest.GUI.frmListenPractice.controlLang">
            <summary>
            @nhannc
            </summary>
        </member>
        <member name="M:JTest.GUI.frmListenPractice.frmListenPractice_Load(System.Object,System.EventArgs)">
            <summary>
            Handles the Load event of the frmListenPractice control.
            </summary>
            <param name="sender">The source of the event.</param>
            <param name="e">The <see cref="T:System.EventArgs"/> instance containing the event data.</param>
        </member>
        <member name="M:JTest.GUI.frmListenPractice.listBoxQuestion_SelectedIndexChanged(System.Object,System.EventArgs)">
            <summary>
            Handles the SelectedIndexChanged event of the listBoxQuestion control.
            </summary>
            <param name="sender">The source of the event.</param>
            <param name="e">The <see cref="T:System.EventArgs"/> instance containing the event data.</param>
        </member>
        <member name="M:JTest.GUI.frmListenPractice.resetAnswers">
            <summary>
            Resets the answers.
            </summary>
        </member>
        <member name="M:JTest.GUI.frmListenPractice.radAnswer1_CheckedChanged(System.Object,System.EventArgs)">
            <summary>
            Handles the CheckedChanged event of the radAnswer1 control.
            </summary>
            <param name="sender">The source of the event.</param>
            <param name="e">The <see cref="T:System.EventArgs"/> instance containing the event data.</param>
        </member>
        <member name="M:JTest.GUI.frmListenPractice.radAnswer2_CheckedChanged(System.Object,System.EventArgs)">
            <summary>
            Handles the CheckedChanged event of the radAnswer2 control.
            </summary>
            <param name="sender">The source of the event.</param>
            <param name="e">The <see cref="T:System.EventArgs"/> instance containing the event data.</param>
        </member>
        <member name="M:JTest.GUI.frmListenPractice.radAnswer3_CheckedChanged(System.Object,System.EventArgs)">
            <summary>
            Handles the CheckedChanged event of the radAnswer3 control.
            </summary>
            <param name="sender">The source of the event.</param>
            <param name="e">The <see cref="T:System.EventArgs"/> instance containing the event data.</param>
        </member>
        <member name="M:JTest.GUI.frmListenPractice.radAnswer4_CheckedChanged(System.Object,System.EventArgs)">
            <summary>
            Handles the CheckedChanged event of the radAnswer4 control.
            </summary>
            <param name="sender">The source of the event.</param>
            <param name="e">The <see cref="T:System.EventArgs"/> instance containing the event data.</param>
        </member>
        <member name="M:JTest.GUI.frmListenPractice.butShowAnswer_Click(System.Object,System.EventArgs)">
            <summary>
            Handles the Click event of the butShowAnswer control.
            </summary>
            <param name="sender">The source of the event.</param>
            <param name="e">The <see cref="T:System.EventArgs"/> instance containing the event data.</param>
        </member>
        <member name="M:JTest.GUI.frmListenPractice.setBrush(System.Int32,System.Boolean)">
            <summary>
            Sets the brush.
            </summary>
            <param name="index">The index.</param>
            <param name="isTrue">if set to <c>true</c> [is true].</param>
        </member>
        <member name="M:JTest.GUI.frmListenPractice.disableAllRadios">
            <summary>
            Disables all radios.
            </summary>
        </member>
        <member name="M:JTest.GUI.frmListenPractice.enableAllRadios">
            <summary>
            Enables all radios.
            </summary>
        </member>
        <member name="M:JTest.GUI.frmListenPractice.butExits_Click(System.Object,System.EventArgs)">
            <summary>
            Handles the Click event of the butExits control.
            </summary>
            <param name="sender">The source of the event.</param>
            <param name="e">The <see cref="T:System.EventArgs"/> instance containing the event data.</param>
        </member>
        <member name="M:JTest.GUI.frmListenPractice.frmListenPractice_FormClosing(System.Object,System.Windows.Forms.FormClosingEventArgs)">
            <summary>
            Handles the FormClosing event of the frmListenPractice control.
            </summary>
            <param name="sender">The source of the event.</param>
            <param name="e">The <see cref="T:System.Windows.Forms.FormClosingEventArgs"/> instance containing the event data.</param>
        </member>
        <member name="M:JTest.GUI.frmListenPractice.picBack_MouseHover(System.Object,System.EventArgs)">
            <summary>
            Handles the MouseHover event of the picBack control.
            </summary>
            <param name="sender">The source of the event.</param>
            <param name="e">The <see cref="T:System.EventArgs"/> instance containing the event data.</param>
        </member>
        <member name="M:JTest.GUI.frmListenPractice.picBack_MouseLeave(System.Object,System.EventArgs)">
            <summary>
            Handles the MouseLeave event of the picBack control.
            </summary>
            <param name="sender">The source of the event.</param>
            <param name="e">The <see cref="T:System.EventArgs"/> instance containing the event data.</param>
        </member>
        <member name="M:JTest.GUI.frmListenPractice.picNext_MouseHover(System.Object,System.EventArgs)">
            <summary>
            Handles the MouseHover event of the picNext control.
            </summary>
            <param name="sender">The source of the event.</param>
            <param name="e">The <see cref="T:System.EventArgs"/> instance containing the event data.</param>
        </member>
        <member name="M:JTest.GUI.frmListenPractice.picNext_MouseLeave(System.Object,System.EventArgs)">
            <summary>
            Handles the MouseLeave event of the picNext control.
            </summary>
            <param name="sender">The source of the event.</param>
            <param name="e">The <see cref="T:System.EventArgs"/> instance containing the event data.</param>
        </member>
        <member name="M:JTest.GUI.frmEditDB.addcbLevelItems">
            @author ToanNN
             <summary>
             thêm giá trị vào combobox dựa vào data hiện tại
             </summary>
        </member>
        <member name="M:JTest.GUI.frmEditDB.convertCbValue(System.Int32@,System.String@)">
            @author ToanNN
            <summary>
            chuyển từ giá trị trên combobox sang tên table
            </summary>
            <param name="level"></param>
            <param name="type"></param>
        </member>
        <member name="F:JTest.GUI.frmEditDB.components">
            <summary>
            Required designer variable.
            </summary>
        </member>
        <member name="M:JTest.GUI.frmEditDB.Dispose(System.Boolean)">
            <summary>
            Clean up any resources being used.
            </summary>
            <param name="disposing">true if managed resources should be disposed; otherwise, false.</param>
        </member>
        <member name="M:JTest.GUI.frmEditDB.InitializeComponent">
            <summary>
            Required method for Designer support - do not modify
            the contents of this method with the code editor.
            </summary>
        </member>
        <member name="T:JTest.DTO.PracticeLogDTO">
            <summary>
            @Author: SonLT4, TanLA
            @Version: 30092010
            </summary>
        </member>
        <member name="T:JTest.Resources.DefaultDataSet">
             <summary>
            Represents a strongly typed in-memory cache of data.
            </summary>
        </member>
        <member name="T:JTest.frmSettingPractice">
            <summary>
            Author: TanLA
            03102010
            </summary>
        </member>
        <member name="M:JTest.frmSettingPractice.#ctor">
            <summary>
            Initializes a new instance of the <see cref="T:JTest.frmSettingPractice"/> class.
            </summary>
        </member>
        <member name="F:JTest.frmSettingPractice.message1">
            @nhannc
            
        </member>
        <member name="M:JTest.frmSettingPractice.addcbLevelItems">
            @author ToanNN
             <summary>
             thêm giá trị vào combobox dựa vào data hiện tại
             </summary>
        </member>
        <member name="M:JTest.frmSettingPractice.cbLevel_SelectedIndexChanged(System.Object,System.EventArgs)">
            @author ToanNN
             <summary>
             xử lý khi nút cblevel thay đổi
             </summary>
             <param name="sender"></param>
             <param name="e"></param>
        </member>
        <member name="M:JTest.frmSettingPractice.btnLuuCauHinh_Click(System.Object,System.EventArgs)">
            <summary>
            Ham xu ly khi button btnPractice click
            </summary>
            <param name="sender"></param>
            <param name="e"></param>
        </member>
        <member name="M:JTest.frmSettingPractice.newPractice">
            @update by ToanNN
            <summary>
            Function Luyen tap moi 
            </summary>
        </member>
        <member name="M:JTest.frmSettingPractice.ContPractice">
            <summary>
            Function Tiep tuc luyen tap
            </summary>
            <returns>PracticeLogDTO</returns>
        </member>
        <!-- Badly formed XML comment ignored for member "M:JTest.frmSettingPractice.checkInput" -->
        <!-- Badly formed XML comment ignored for member "M:JTest.frmSettingPractice.getCbInfo" -->
        <member name="M:JTest.frmSettingPractice.convertCbValue(System.Int32@,System.String@)">
            @author ToanNN
            <summary>
            chuyển từ giá trị trên combobox sang tên table
            </summary>
            <param name="level"></param>
            <param name="type"></param>
        </member>
        <member name="M:JTest.frmSettingPractice.fillFromTo">
            <summary>
            Function fill gia tri vao txtFrom, txtTo neu ""
            </summary>
            <returns></returns>
        </member>
        <member name="M:JTest.frmSettingPractice.isExistWrongQ(JTest.DTO.PracticeLogDTO)">
            <summary>
            Function kiem tra xem co ton tai cau sai trong file log hay ko
            </summary>
            <param name="practiceLog">PracticeLogDTO</param>
            <returns></returns>
        </member>
        <member name="M:JTest.frmSettingPractice.btnChonFile_Click(System.Object,System.EventArgs)">
            <summary>
            Function show dialog khi click btn Chon file
            </summary>
            <param name="sender"></param>
            <param name="e"></param>
        </member>
        <member name="M:JTest.frmSettingPractice.rdoLuyenTapCu_CheckedChanged(System.Object,System.EventArgs)">
            <summary>
            Function enable groupbox luyen tap cu, disable groupbox luyen tap moi
            </summary>
            <param name="sender"></param>
            <param name="e"></param>
        </member>
        <!-- Badly formed XML comment ignored for member "M:JTest.frmSettingPractice.CauHinhLuyenTap_Load(System.Object,System.EventArgs)" -->
        <member name="M:JTest.frmSettingPractice.rdLuyenTapMoi_CheckedChanged(System.Object,System.EventArgs)">
            <summary>
            Function enable groupbox luyen tap moi, disable groupbox luyen tap cu
            </summary>
            <param name="sender"></param>
            <param name="e"></param>
        </member>
        <member name="M:JTest.frmSettingPractice.txtFrom_KeyPress(System.Object,System.Windows.Forms.KeyPressEventArgs)">
            <summary>
            Function chi cho nhap so vao txtFrom
            </summary>
            <param name="sender"></param>
            <param name="e"></param>
        </member>
        <member name="M:JTest.frmSettingPractice.txtTo_KeyPress(System.Object,System.Windows.Forms.KeyPressEventArgs)">
            <summary>
            Function chi cho nhap so vao txtTo
            </summary>
            <param name="sender"></param>
            <param name="e"></param>
        </member>
        <member name="M:JTest.frmSettingPractice.btnAvatar_Click(System.Object,System.EventArgs)">
            <summary>
            Select Avatar
            </summary>
            <param name="sender"></param>
            <param name="e"></param>
        </member>
        <member name="F:JTest.frmSettingPractice.components">
            <summary>
            Required designer variable.
            </summary>
        </member>
        <member name="M:JTest.frmSettingPractice.Dispose(System.Boolean)">
            <summary>
            Clean up any resources being used.
            </summary>
            <param name="disposing">true if managed resources should be disposed; otherwise, false.</param>
        </member>
        <member name="M:JTest.frmSettingPractice.InitializeComponent">
            <summary>
            Required method for Designer support - do not modify
            the contents of this method with the code editor.
            </summary>
        </member>
        <member name="M:JTest.BUS.TestBUS.test(System.Int32,System.Int64,System.String,System.Int32)">
            <summary>
            Return a TestDTO object
            </summary>
            <param name="numberofquestion">The number of question .</param>
            <param name="time">The test time.</param>
            <param name="type">The test type.</param>
            <param name="level">The test level.</param>
            <returns></returns>
        </member>
        <member name="T:JTest.GUI.frmPractice">
            <summary>
            @Author: SonLT4
            @Version: 07102010
            </summary>
        </member>
        <member name="F:JTest.GUI.frmPractice.noidungluyentap">
            @nhannc
            
        </member>
        <member name="M:JTest.GUI.frmPractice.#ctor">
            <summary>
            default constructor
            </summary>
        </member>
        <member name="M:JTest.GUI.frmPractice.#ctor(JTest.DTO.SettingsPractiseDTO)">
            <summary>
            Constructor cho man hinh luyen tap moi
            </summary>
            <param name="s">kieu SettingPracticeDTO, chua thong tin tuy chon luyen tap</param>
        </member>
        <member name="M:JTest.GUI.frmPractice.#ctor(JTest.DTO.PracticeLogDTO,System.Boolean)">
            <summary>
            Constructor cho man hinh luyen tap cu
            , bao gom chuc nang tiep tuc va lam lai cau sai
            </summary>
            <param name="p">kieu PracticeLogDTO, chua thong tin luyen tap cu</param>
            <param name="flag">kieu bool, true: lam lai cau sai, false: tiep tuc luyen tap</param>
        </member>
        <member name="M:JTest.GUI.frmPractice.controlLang">
            
             @nhannc
             
        </member>
        <member name="M:JTest.GUI.frmPractice.loadDataForOldPractice(JTest.DTO.PracticeLogDTO,System.Boolean)">
            <summary>
            Ham load du lieu cho man hinh luyen tap cu
            </summary>
            <param name="p">kieu PracticeDTO, chua thong tin luyen tap cu</param>
            <param name="flag">kieu bool, true: lam lai cau sai, false: tiep tuc</param>
        </member>
        <member name="M:JTest.GUI.frmPractice.loadDataForNewPractice(JTest.DTO.SettingsPractiseDTO)">
            <summary>
            Ham load du lieu cho man hinh luyen tap moi
            </summary>
            <param name="s">kieu SettingPracticeDTO, chua thong tin tuy chon luyen tap</param>
        </member>
        <member name="M:JTest.GUI.frmPractice.checkQuestionAvailability">
            <summary>
            Ham kiem tra da toi dau hoac cuoi danh sach cau hoi chua.
            Neu da den dau hoac cuoi danh sach, set lai thuoc tinh cho 2 button next + previous
            </summary>
        </member>
        <member name="M:JTest.GUI.frmPractice.setControlsPropertiesForNewQuestion">
            <summary>
            Ham set thuoc tinh cho cac controls lien quan, 
            khi man hinh can hien thi thong tin cho mot cau hoi chua lam
            </summary>
        </member>
        <member name="M:JTest.GUI.frmPractice.setControlsPropertiesForAnsweredQuestion(System.Boolean)">
            <summary>
            Ham set thuoc tinh cac controls lien quan,
            khi man hinh can hien thi 
            </summary>
        </member>
        <member name="M:JTest.GUI.frmPractice.convertToIntValue(System.String)">
            <summary>
            Ham chuyen gia tri string cua dap an
            sang gia tri int tuong ung
            A: 1, B: 2, C: 3, D:4
            </summary>
            <param name="answer">kieu string, chua dap an</param>
            <returns>kieu int, gia tri int tuong ung cua dap an</returns>
        </member>
        <member name="M:JTest.GUI.frmPractice.updateStatistic">
            <summary>
            
            </summary>
        </member>
        <member name="M:JTest.GUI.frmPractice.updateLevel(System.Boolean)">
            <summary>
            Update Lever
            </summary>
            <param name="result"></param>
        </member>
        <member name="M:JTest.GUI.frmPractice.btXemKetQua_Click(System.Object,System.EventArgs)">
            <summary>
            Ham xu ly su kien user click vao button Xem Ket Qua.
            Khi user muon xem dap an dung va cham cau tra loi cho cau hoi hien tai
            </summary>
            <param name="sender"></param>
            <param name="e"></param>
        </member>
        <member name="M:JTest.GUI.frmPractice.btNext_Click(System.Object,System.EventArgs)">
            <summary>
            Ham xu ly su kien user click button Next.
            Khi user muon xem cau hoi tiep theo
            </summary>
            <param name="sender"></param>
            <param name="e"></param>
        </member>
        <member name="M:JTest.GUI.frmPractice.btPrevious_Click(System.Object,System.EventArgs)">
            <summary>
            Ham xu ly su kien user click button Previous.
            Khi user muon xem cau hoi truoc do
            </summary>
            <param name="sender"></param>
            <param name="e"></param>
        </member>
        <member name="M:JTest.GUI.frmPractice.rbDapAnA_CheckedChanged(System.Object,System.EventArgs)">
            <summary>
            Ham xu ly su kien user check vao rbDapAnA
            </summary>
            <param name="sender"></param>
            <param name="e"></param>
        </member>
        <member name="M:JTest.GUI.frmPractice.rbDapAnB_CheckedChanged(System.Object,System.EventArgs)">
            <summary>
            Ham xu ly su kien user check vao rbDapAnB
            </summary>
            <param name="sender"></param>
            <param name="e"></param>
        </member>
        <member name="M:JTest.GUI.frmPractice.rbDapAnC_CheckedChanged(System.Object,System.EventArgs)">
            <summary>
            Ham xu ly su kien user check vao rbDapAnC
            </summary>
            <param name="sender"></param>
            <param name="e"></param>
        </member>
        <member name="M:JTest.GUI.frmPractice.rbDapAnD_CheckedChanged(System.Object,System.EventArgs)">
            <summary>
            Ham xu ly su kien user check vao rbDapAnD
            </summary>
            <param name="sender"></param>
            <param name="e"></param>
        </member>
        <member name="M:JTest.GUI.frmPractice.btKetThuc_Click(System.Object,System.EventArgs)">
            <summary>
            Ham xu ly su kien user click button Ket Thuc
            </summary>
            <param name="sender"></param>
            <param name="e"></param>
        </member>
        <member name="M:JTest.GUI.frmPractice.closeThisForm(System.Boolean)">
            <summary>
            Ham gui message close form Luyen Tap
            </summary>
        </member>
        <member name="M:JTest.GUI.frmPractice.frLuyenTap_FormClosing(System.Object,System.Windows.Forms.FormClosingEventArgs)">
            <summary>
            Ham bat su kien user muon tat man hinh luyen tap
            </summary>
            <param name="sender"></param>
            <param name="e"></param>
        </member>
        <member name="M:JTest.GUI.frmPractice.createLogForSave">
            <summary>
            Ham tao CTDL PracticeLogDTO tu du lieu cua man hinh luyen tap
            de luu ra file log hoac file excel
            </summary>
            <returns>kieu PraticeLogDTO, chua thong tin luyen tap hien tai</returns>
        </member>
        <member name="M:JTest.GUI.frmPractice.cbTuDongHienKetQua_CheckedChanged(System.Object,System.EventArgs)">
            <summary>
            xử lý khi thay đổi tình trạng cbToDongHienKetQua
            </summary>
            <param name="sender"></param>
            <param name="e"></param>
        </member>
        <member name="M:JTest.GUI.frmPractice.cbTuDongSangCauSau_CheckStateChanged(System.Object,System.EventArgs)">
            <summary>
            xử lý khi thay đổi tình trang cbTuDongSangCauSau. 
            </summary>
            <param name="sender"></param>
            <param name="e"></param>
        </member>
        <member name="F:JTest.GUI.frmPractice.components">
            <summary>
            Required designer variable.
            </summary>
        </member>
        <member name="M:JTest.GUI.frmPractice.Dispose(System.Boolean)">
            <summary>
            Clean up any resources being used.
            </summary>
            <param name="disposing">true if managed resources should be disposed; otherwise, false.</param>
        </member>
        <member name="M:JTest.GUI.frmPractice.InitializeComponent">
            <summary>
            Required method for Designer support - do not modify
            the contents of this method with the code editor.
            </summary>
        </member>
        <member name="M:JTest.DAO.SettingsDAO.loadSetting(System.String)">
            <summary>
            Ham doc setting tu file
            </summary>
            <param name="filename">kieu string, ten file</param>
            <returns>kieu SettingsDTO, chua thong tin setting</returns>
        </member>
        <member name="M:JTest.DAO.SettingsDAO.saveSetting(System.String,JTest.SettingsDTO)">
            <summary>
            Ham ghi setting ra file
            </summary>
            <param name="filename">kieu string, ten file</param>
            <param name="s">kieu SettingsDTO, chu thong tin setting</param>
        </member>
        <member name="T:JTest.Properties.Resources">
            <summary>
              A strongly-typed resource class, for looking up localized strings, etc.
            </summary>
        </member>
        <member name="P:JTest.Properties.Resources.ResourceManager">
            <summary>
              Returns the cached ResourceManager instance used by this class.
            </summary>
        </member>
        <member name="P:JTest.Properties.Resources.Culture">
            <summary>
              Overrides the current thread's CurrentUICulture property for all
              resource lookups using this strongly typed resource class.
            </summary>
        </member>
        <member name="F:JTest.frmResult.components">
            <summary>
            Required designer variable.
            </summary>
        </member>
        <member name="M:JTest.frmResult.Dispose(System.Boolean)">
            <summary>
            Clean up any resources being used.
            </summary>
            <param name="disposing">true if managed resources should be disposed; otherwise, false.</param>
        </member>
        <member name="M:JTest.frmResult.InitializeComponent">
            <summary>
            Required method for Designer support - do not modify
            the contents of this method with the code editor.
            </summary>
        </member>
        <member name="F:JTest.frmResult.xuat">
            @nhannc
             
        </member>
        <member name="M:JTest.frmResult.controlLang">
            @nhannc
            
        </member>
        <member name="M:JTest.BUS.SettingsBUS.loadSettingInfoFromFile">
            <summary>
            Ham doc thong tin setting tu file
            </summary>
            <returns>kieu SettingsDTO, chua thong tin settings</returns>
        </member>
        <member name="M:JTest.BUS.SettingsBUS.saveSettingInfoToFile(JTest.SettingsDTO)">
            <summary>
            Ham luu thong tin setting ra file
            </summary>
            <param name="?">kieu SettingsDTO, chua thong tin setting</param>
        </member>
        <member name="M:JTest.BUS.SettingsBUS.loadDbaseSources">
            @Author LuongGB
            <summary>
            Loads databases name
            </summary>
            <returns></returns>
        </member>
        <member name="P:JTest.BUS.SettingsBUS.ConnectionString">
            <summary>
            @Author LuongGV
            Update by ToanNN 
            Gets or sets the connection string.
            </summary>
            <value>The connection string.</value>
        </member>
        <member name="M:JTest.BUS.ListenBUS.GetSubDirList(System.String)">
            Created by ToanNN
            <summary>
            Gets the levels list.
            </summary>
            <returns>List of Level or null if can't get list of Level</returns>
        </member>
        <member name="M:JTest.BUS.ListenBUS.checkrResult(System.Collections.Generic.List{JTest.Others.ListenQuestion})">
            <summary>
            Checkrs the result.
            </summary>
            <param name="List">The list.</param>
            <returns></returns>
        </member>
        <member name="M:JTest.BUS.ListenBUS.saveTestLog(System.String,System.Collections.Generic.List{JTest.Others.ListenQuestion},System.String,System.String)">
            <summary>
            Saves the test log.
            </summary>
            <param name="path">The path.</param>
            <param name="testedList">The tested list.</param>
            <returns>If save success -> true else ->false</returns>
        </member>
        <member name="M:JTest.BUS.ListenBUS.readTestedLogFile(System.String)">
            <summary>
            Reads the tested log file.
            </summary>
            <param name="path">The path.</param>
            <returns>If load success -> List of question else ->null</returns>
        </member>
        <member name="T:JTest.GUI.frmSavePracticeLog">
            <summary>
            @Author: SonLT4
            @Version: 30092010
            </summary>
        </member>
        <member name="F:JTest.GUI.frmSavePracticeLog.components">
            <summary>
            Required designer variable.
            </summary>
        </member>
        <member name="M:JTest.GUI.frmSavePracticeLog.Dispose(System.Boolean)">
            <summary>
            Clean up any resources being used.
            </summary>
            <param name="disposing">true if managed resources should be disposed; otherwise, false.</param>
        </member>
        <member name="M:JTest.GUI.frmSavePracticeLog.InitializeComponent">
            <summary>
            Required method for Designer support - do not modify
            the contents of this method with the code editor.
            </summary>
        </member>
        <member name="F:JTest.GUI.frmSavePracticeLog.message1">
            @nhannc
            
        </member>
        <member name="M:JTest.GUI.frmSavePracticeLog.#ctor">
            <summary>
            default constructor
            </summary>
        </member>
        <member name="M:JTest.GUI.frmSavePracticeLog.controlLang">
            @nhannc
            
        </member>
        <member name="M:JTest.GUI.frmSavePracticeLog.#ctor(JTest.DTO.PracticeLogDTO,System.Object)">
            <summary>
            Constructor khoi tao form voi thong tin luyen tap hien tai
            </summary>
            <param name="p">kieu PracticeLogDTO, chua thong tin luyen tap hien tai</param>
            <param name="o">kieu object, luu pointer den man hinh cha</param>
        </member>
        <member name="M:JTest.GUI.frmSavePracticeLog.btCancel_Click(System.Object,System.EventArgs)">
            <summary>
            Ham xu ly su kien user click vao button Cancel.
            Khi user khong muon luu thong tin luyen tap ra file nua.
            </summary>
            <param name="sender"></param>
            <param name="e"></param>
        </member>
        <member name="M:JTest.GUI.frmSavePracticeLog.btOK_Click(System.Object,System.EventArgs)">
            <summary>
            Ham xu ly su kien user click vao button OK.
            Khi user muon luu thong tin luyen tap ra file da chon.
            </summary>
            <param name="sender"></param>
            <param name="e"></param>
        </member>
        <member name="M:JTest.GUI.frmSavePracticeLog.saveWrongAnswerToExcel(JTest.DTO.PracticeLogDTO,System.String)">
            <summary>
            Ham luu thong tin luyen tap ra file excel
            </summary>
            <param name="p"></param>
            <param name="filename"></param>
        </member>
        <member name="M:JTest.GUI.frmSavePracticeLog.savePracticeLogFile(JTest.DTO.PracticeLogDTO,System.String)">
            <summary>
            Ham luu thong tin luyen tap ra file log
            </summary>
            <param name="p"></param>
            <param name="filename"></param>
        </member>
        <member name="T:JTest.DAO.PracticeLogDAO">
            <summary>
            @Version: 02102010
            </summary>
        </member>
        <member name="M:JTest.DAO.PracticeLogDAO.loadPracticeLog(System.String)">
            <summary>
            @Author: TanLA
            </summary>
            <param name="file"></param>
            <returns></returns>
        </member>
        <member name="M:JTest.DAO.PracticeLogDAO.createPracticeLog(System.String,JTest.DTO.PracticeLogDTO)">
            <summary>
            @Author: TanLA
            </summary>
            <param name="filename"></param>
            <param name="practiceLog"></param>
            <returns></returns>
        </member>
        <member name="M:JTest.DAO.PracticeLogDAO.SetColumnWidth(Microsoft.Office.Interop.Excel.Worksheet,System.Int32,System.Int32)">
            <summary>
            @Author: SonLT4
            @Ref: NguyenTHL
            Ham thay doi do rong cua 1 cot trong excel
            </summary>
            <param name="ws"></param>
            <param name="col"></param>
            <param name="width"></param>
        </member>
        <member name="T:JTest.DAO.QuestionDAO">
            <summary>
            version 02102010
            </summary>
        </member>
        <member name="M:JTest.DAO.QuestionDAO.getTestQuestionList(System.Int32,System.String,System.Int32)">
            <summary>
            @Author: LuongGV
            </summary>
            <param name="numOfQuestions"></param>
            <param name="type"></param>
            <param name="level"></param>
            <returns></returns>
        </member>
        <member name="M:JTest.DAO.QuestionDAO.getQuestionFromReader(System.Data.OleDb.OleDbDataReader)">
            <summary>
            @Author: LuongGV
            </summary>
            <param name="reader"></param>
            <returns></returns>
        </member>
        <member name="M:JTest.DAO.QuestionDAO.getQuestionListFromReader(System.Data.OleDb.OleDbDataReader)">
            <summary>
            @Author: LuongGV
            </summary>
            <param name="reader"></param>
            <returns></returns>
        </member>
        <member name="M:JTest.DAO.QuestionDAO.getAllQuestionList(System.Int32,System.String)">
            <summary>
            Ham lay toan bo cau hoi trong mot bang.
            @Author: SonLT4
            </summary>
            <param name="level">kieu int, chua cap do cau hoi</param>
            <param name="type">kieu string, chua loai cau hoi</param>
            <returns>mang cac QuestionDTO, chua noi dung cac cau hoi</returns>
            <seealso cref="T:JTest.DTO.QuestionDTO"/>
        </member>
        <!-- Badly formed XML comment ignored for member "M:JTest.DAO.QuestionDAO.getQuestionListInRange(System.Int32,System.Int32,System.Int32,System.String)" -->
        <member name="M:JTest.DAO.QuestionDAO.getQuestionByID(System.Int32,System.Int32,System.String)">
            <summary>
            Ham lay ve mot cau hoi trong bang CSDL theo id cua cau hoi do
            @Author: SonLT4
            </summary>
            <param name="id">kieu int, chua id cau hoi</param>
            <param name="level">kieu int, chua cap do cau hoi</param>
            <param name="type">kieu string, chua </param>
            <returns>kieu QuestionDTO, chua thong tin cau hoi</returns>
        </member>
        <member name="M:JTest.DAO.QuestionDAO.GetAll(System.String)">
            <summary>
            Get all data from database
            </summary>
            <param name="strTableName">strTableName</param>
            <returns>List QuestionDTO</returns>
        </member>
        <member name="M:JTest.DAO.QuestionDAO.getRandomQuestionInRange(System.Int32,System.Int32,System.String,System.Int32)">
            <summary>
            Ham lay mang cac cau hoi ngau nhien trong mot khoang
            @Author: SonLT4
            </summary>
            <param name="begin">kieu int, chua id cau hoi bat dau</param>
            <param name="end">kieu int, chua id cau hoi ket thuc</param>
            <param name="type">kieu string, chua loai cau hoi</param>
            <param name="level">kieu int, chua cap do cau hoi</param>
            <returns>mang cac QuestionDTO</returns>
        </member>
        <member name="M:JTest.DAO.QuestionDAO.getMaxID(System.String)">
            <summary>
            Ham lay so row hien co cua table
            @Author: TanLA
            </summary>
            <param name="table">ten table muon lay so row</param>
            <returns></returns>
        </member>
        <!-- Badly formed XML comment ignored for member "M:JTest.DAO.QuestionDAO.getQuestionsFromIDsList(System.Int32[],System.Int32,System.String)" -->
        <member name="M:JTest.DAO.QuestionDAO.getQuestionsFromIDsList(System.Int32[],System.Int32,System.String,System.Data.OleDb.OleDbConnection)">
            <summary>
            Ham lay ve mang cau hoi theo cac ids cho truoc, tu database luu trong SettingPractice
            </summary>
            <param name="ids">mang cac ids, kieu int[]</param>
            <param name="sp">kieu SettingPractice, chua thong tin luyen tap</param>
            <returns></returns>
        </member>
        <member name="M:JTest.DAO.QuestionDAO.getQuestionListInRange(System.Int32,System.Int32,System.Int32,System.String,System.Data.OleDb.OleDbConnection)">
            <summary>
            Ham lay ve danh sach cac cau hoi trong mot khoang cua bang, theo database luu trong SettingPractice
            </summary>
            <param name="sp">kieu SettingPracticeDTO, chua thong tin luyen tap</param>
            <returns>mang cac QuestionDTO</returns>
        </member>
        <member name="F:JTest.GUI.CreateTest.components">
            <summary>
            Required designer variable.
            </summary>
        </member>
        <member name="M:JTest.GUI.CreateTest.Dispose(System.Boolean)">
            <summary>
            Clean up any resources being used.
            </summary>
            <param name="disposing">true if managed resources should be disposed; otherwise, false.</param>
        </member>
        <member name="M:JTest.GUI.CreateTest.InitializeComponent">
            <summary>
            Required method for Designer support - do not modify
            the contents of this method with the code editor.
            </summary>
        </member>
        <member name="F:JTest.GUI.CreateTest.thongbao">
            @nhannnc
            
        </member>
        <member name="M:JTest.GUI.CreateTest.#ctor">
            <summary>
            Initializes a new instance of the <see cref="T:JTest.GUI.CreateTest"/> class.
            </summary>
        </member>
        <member name="M:JTest.GUI.CreateTest.controlLang">
            <summary>
            Controls the lang.
            </summary>
            @nhannc
        </member>
        <member name="M:JTest.GUI.CreateTest.LoadCombobox">
            <summary>
            add text to combobox
            </summary>
        </member>
        <member name="M:JTest.GUI.CreateTest.convertCbValue(System.String,System.String,System.Int32@,System.Int32@)">
            @author ToanNN
            <summary>
            chuyển giá trị trong combobox thành tên table
            </summary>
            <param name="strLevel"></param>
            <param name="strType"></param>
            <returns></returns>
        </member>
        <member name="M:JTest.GUI.CreateTest.cmbCapDo_SelectedIndexChanged(System.Object,System.EventArgs)">
            @duthor ToanNN
            <summary>
            load cmbPhanLoai items
            </summary>
            <param name="sender"></param>
            <param name="e"></param>
        </member>
        <member name="T:JTest.GUI.frmListenTest">
            <summary>
            Created by ToanNN
            </summary>
        </member>
        <member name="F:JTest.GUI.frmListenTest.components">
            <summary>
            Required designer variable.
            </summary>
        </member>
        <member name="M:JTest.GUI.frmListenTest.Dispose(System.Boolean)">
            <summary>
            Clean up any resources being used.
            </summary>
            <param name="disposing">true if managed resources should be disposed; otherwise, false.</param>
        </member>
        <member name="M:JTest.GUI.frmListenTest.InitializeComponent">
            <summary>
            Required method for Designer support - do not modify
            the contents of this method with the code editor.
            </summary>
        </member>
        <member name="F:JTest.GUI.frmListenTest.message1">
            @nhannc
            
        </member>
        <member name="M:JTest.GUI.frmListenTest.#ctor(System.String,System.Collections.Generic.List{System.String},System.Collections.Generic.List{System.String},System.Int32,System.Int32,System.Int32,System.Int32)">
            <summary>
            Initializes a new instance of the <see cref="T:JTest.GUI.frmListenTest"/> class.
            </summary>
            <param name="Level">The level.</param>
            <param name="NumOfTest">The num of test.</param>
            <param name="QuestionCount">The question count.</param>
        </member>
        <member name="M:JTest.GUI.frmListenTest.controlLang">
            @nhannc
            
        </member>
        <member name="M:JTest.GUI.frmListenTest.butFinish_Click(System.Object,System.EventArgs)">
            <summary>
            Handles the Click event of the butFinish control.
            </summary>
            <param name="sender">The source of the event.</param>
            <param name="e">The <see cref="T:System.EventArgs"/> instance containing the event data.</param>
        </member>
        <member name="M:JTest.GUI.frmListenTest.FinishTest">
            <summary>
            Finishes the test.
            </summary>
        </member>
        <member name="M:JTest.GUI.frmListenTest.listBoxQuestion_SelectedIndexChanged(System.Object,System.EventArgs)">
            <summary>
            Handles the SelectedIndexChanged event of the listBoxQuestion control.
            </summary>
            <param name="sender">The source of the event.</param>
            <param name="e">The <see cref="T:System.EventArgs"/> instance containing the event data.</param>
        </member>
        <member name="F:JTest.GUI.frmAbout.components">
            <summary>
            Required designer variable.
            </summary>
        </member>
        <member name="M:JTest.GUI.frmAbout.Dispose(System.Boolean)">
            <summary>
            Clean up any resources being used.
            </summary>
            <param name="disposing">true if managed resources should be disposed; otherwise, false.</param>
        </member>
        <member name="M:JTest.GUI.frmAbout.InitializeComponent">
            <summary>
            Required method for Designer support - do not modify
            the contents of this method with the code editor.
            </summary>
        </member>
        <member name="M:JTest.Utils.getRandomIntegerListInValueRange(System.UInt32,System.UInt32)">
            <summary>
            Ham tao ra mang random cac gia tri so nguyen trong mot khoang
            </summary>
            <param name="begin">kieu ulong, nguong bat dau</param>
            <param name="end">kieu ulong, nguong ket thuc</param>
            <returns>kieu ulong[], mang cac gia tri random</returns>
        </member>
        <member name="M:JTest.Utils.getRandomIntegerList(System.Int32)">
            <summary>
            Ham tao mang so nguyen ngau nhien co gia tri tu 0 den length
            </summary>
            <param name="length">kieu int, chieu dai mang</param>
            <returns>mang int[]</returns>
        </member>
        <member name="F:JTest.GUI.frmSplashScreen.components">
            <summary>
            Required designer variable.
            </summary>
        </member>
        <member name="M:JTest.GUI.frmSplashScreen.Dispose(System.Boolean)">
            <summary>
            Clean up any resources being used.
            </summary>
            <param name="disposing">true if managed resources should be disposed; otherwise, false.</param>
        </member>
        <member name="M:JTest.GUI.frmSplashScreen.InitializeComponent">
            <summary>
            Required method for Designer support - do not modify
            the contents of this method with the code editor.
            </summary>
        </member>
        <member name="M:JTest.GUI.frmSplashScreen.#ctor">
            <summary>
            Initializes a new instance of the <see cref="T:JTest.GUI.frmMain"/> class.
            </summary>
        </member>
        <member name="M:JTest.GUI.frmSplashScreen.#ctor(System.Boolean)">
            <summary>
            Initializes a new instance of the <see cref="T:JTest.GUI.frmMain"/> class.
            </summary>
            <param name="useSlideAnimation">if set to <c>true</c> [use slide animation].</param>
        </member>
        <member name="M:JTest.GUI.frmSplashScreen.OnLoad(System.EventArgs)">
            <summary>
            Raises the <see cref="E:System.Windows.Forms.Form.Load"/> event.
            </summary>
            <param name="e">An <see cref="T:System.EventArgs"/> that contains the event data.</param>
        </member>
        <member name="M:JTest.GUI.frmSplashScreen.OnClosing(System.ComponentModel.CancelEventArgs)">
            <summary>
            Raises the <see cref="E:System.Windows.Forms.Form.Closing"/> event.
            </summary>
            <param name="e">A <see cref="T:System.ComponentModel.CancelEventArgs"/> that contains the event data.</param>
        </member>
        <member name="F:JTest.GUI.frmThongke.components">
            <summary>
            Required designer variable.
            </summary>
        </member>
        <member name="M:JTest.GUI.frmThongke.Dispose(System.Boolean)">
            <summary>
            Clean up any resources being used.
            </summary>
            <param name="disposing">true if managed resources should be disposed; otherwise, false.</param>
        </member>
        <member name="M:JTest.GUI.frmThongke.InitializeComponent">
            <summary>
            Required method for Designer support - do not modify
            the contents of this method with the code editor.
            </summary>
        </member>
        <member name="T:JTest.GUI.WinAPI">
            <summary>
            Win32 implementation to show / hide a window with animation.
            </summary>
        </member>
        <member name="F:JTest.GUI.WinAPI.AW_HOR_POSITIVE">
            <summary>
            Animates the window from left to right. This flag can be used with roll or slide animation.
            </summary>
        </member>
        <member name="F:JTest.GUI.WinAPI.AW_HOR_NEGATIVE">
            <summary>
            Animates the window from right to left. This flag can be used with roll or slide animation.
            </summary>
        </member>
        <member name="F:JTest.GUI.WinAPI.AW_VER_POSITIVE">
            <summary>
            Animates the window from top to bottom. This flag can be used with roll or slide animation.
            </summary>
        </member>
        <member name="F:JTest.GUI.WinAPI.AW_VER_NEGATIVE">
            <summary>
            Animates the window from bottom to top. This flag can be used with roll or slide animation.
            </summary>
        </member>
        <member name="F:JTest.GUI.WinAPI.AW_CENTER">
            <summary>
            Makes the window appear to collapse inward if AW_HIDE is used or expand outward if the AW_HIDE is not used.
            </summary>
        </member>
        <member name="F:JTest.GUI.WinAPI.AW_HIDE">
            <summary>
            Hides the window. By default, the window is shown.
            </summary>
        </member>
        <member name="F:JTest.GUI.WinAPI.AW_ACTIVATE">
            <summary>
            Activates the window.
            </summary>
        </member>
        <member name="F:JTest.GUI.WinAPI.AW_SLIDE">
            <summary>
            Uses slide animation. By default, roll animation is used.
            </summary>
        </member>
        <member name="F:JTest.GUI.WinAPI.AW_BLEND">
            <summary>
            Uses a fade effect. This flag can be used only if hwnd is a top-level window.
            </summary>
        </member>
        <member name="M:JTest.GUI.WinAPI.AnimateWindow(System.IntPtr,System.Int32,System.Int32)">
            <summary>
            Animates a window.
            </summary>
        </member>
        <member name="T:JTest.GUI.frmImportDB">
            <summary>
            @Author LuongGV
            </summary>
        </member>
        <member name="F:JTest.GUI.frmImportDB.components">
            <summary>
            Required designer variable.
            </summary>
        </member>
        <member name="M:JTest.GUI.frmImportDB.Dispose(System.Boolean)">
            <summary>
            Clean up any resources being used.
            </summary>
            <param name="disposing">true if managed resources should be disposed; otherwise, false.</param>
        </member>
        <member name="M:JTest.GUI.frmImportDB.InitializeComponent">
            <summary>
            Required method for Designer support - do not modify
            the contents of this method with the code editor.
            </summary>
        </member>
        <member name="F:JTest.GUI.frmImportDB.yeucau">
             @nhannc
            
        </member>
        <member name="M:JTest.GUI.frmImportDB.btnApply_Click(System.Object,System.EventArgs)">
            <summary>
            Handles the Click event of the btnApply control.
            </summary>
            <param name="sender">The source of the event.</param>
            <param name="e">The <see cref="T:System.EventArgs"/> instance containing the event data.</param>
        </member>
        <member name="M:JTest.GUI.frmImportDB.bkWorker_DoWork(System.Object,System.ComponentModel.DoWorkEventArgs)">
            <summary>
            Handles the DoWork event of the bkWorker control.
            Call DataImportBUS to insert or create new database
            </summary>
            <param name="sender">The source of the event.</param>
            <param name="e">The <see cref="T:System.ComponentModel.DoWorkEventArgs"/> instance containing the event data.</param>
        </member>
        <member name="M:JTest.GUI.frmImportDB.bkWorker_RunWorkerCompleted(System.Object,System.ComponentModel.RunWorkerCompletedEventArgs)">
            <summary>
            Handles the RunWorkerCompleted event of the bkWorker control.
            </summary>
            <param name="sender">The source of the event.</param>
            <param name="e">The <see cref="T:System.ComponentModel.RunWorkerCompletedEventArgs"/> instance containing the event data.</param>
        </member>
        <member name="M:JTest.GUI.frmImportDB.rdExpand_CheckedChanged(System.Object,System.EventArgs)">
            <summary>
            Handles the CheckedChanged event of the rdExpand control.
            </summary>
            <param name="sender">The source of the event.</param>
            <param name="e">The <see cref="T:System.EventArgs"/> instance containing the event data.</param>
        </member>
        <member name="M:JTest.GUI.frmImportDB.rdNew_CheckedChanged(System.Object,System.EventArgs)">
            <summary>
            Handles the CheckedChanged event of the rdNew control.
            </summary>
            <param name="sender">The source of the event.</param>
            <param name="e">The <see cref="T:System.EventArgs"/> instance containing the event data.</param>
        </member>
        <member name="M:JTest.GUI.frmImportDB.resetControls">
            <summary>
            Resets the controls to default.
            </summary>
        </member>
        <member name="M:JTest.GUI.frmImportDB.bkWorker_ProgressChanged(System.Object,System.ComponentModel.ProgressChangedEventArgs)">
            <summary>
            Handles the ProgressChanged event of the bkWorker control.
            </summary>
            <param name="sender">The source of the event.</param>
            <param name="e">The <see cref="T:System.ComponentModel.ProgressChangedEventArgs"/> instance containing the event data.</param>
        </member>
        <member name="F:JTest.GUI.frmListenSetting.components">
            <summary>
            Required designer variable.
            </summary>
        </member>
        <member name="M:JTest.GUI.frmListenSetting.Dispose(System.Boolean)">
            <summary>
            Clean up any resources being used.
            </summary>
            <param name="disposing">true if managed resources should be disposed; otherwise, false.</param>
        </member>
        <member name="M:JTest.GUI.frmListenSetting.InitializeComponent">
            <summary>
            Required method for Designer support - do not modify
            the contents of this method with the code editor.
            </summary>
        </member>
        <member name="M:JTest.GUI.frmListenSetting.controlLang">
            <summary>
            @nhannc
            </summary>
        </member>
        <member name="T:JTest.DTO.SettingsPractiseDTO">
            <summary>
            @Author: TanLA
            @Version: 30092010
            Cau truc du lieu cho cac thong tin tuy chon cua man hinh luyen tap
            </summary>
        </member>
        <member name="T:JTest.BUS.PracticeBUS">
            <summary>
            @Author: SonLT4
            @Version: 30092010
            </summary>
        </member>
        <member name="M:JTest.BUS.PracticeBUS.getQuestionListInRandomOrder(System.Int32,System.Int32,System.Int32,System.String)">
            <summary>
            Ham lay ve mot so cau hoi ngau nhien trong mot khoang cua CSDL
            , chuc nang ra de ngau nhien trong khoang cho man hinh luyen tap
            </summary>
            <param name="begin">kieu int, chua ID cua cau hoi bat dau</param>
            <param name="end">kieu int, chua ID cua cau hoi ket thuc</param>
            <param name="level">kieu int, chua cap do cau hoi</param>
            <param name="type">kieu string, chua loai cau hoi</param>
            <returns>mang cac QuestionDTO,chua thong tin cau hoi</returns>
        </member>
        <member name="M:JTest.BUS.PracticeBUS.getQuestionListInSuccessionOrder(System.Int32,System.Int32,System.Int32,System.String)">
            <summary>
            Ham lay ve mot so cau hoi tuan tu trong mot khoang cua CSDL
            , chuc nang ra de tuan tu trong khoang cho man hinh luyen tap
            </summary>
            <param name="num">kieu int, chua so luong cau hoi can lay</param>
            <param name="begin">kieu int, chua ID cau hoi bat dau</param>
            <param name="level">kieu int, chua cap do cau hoi</param>
            <param name="type">kieu string, chua loai cau hoi</param>
            <returns>mang cac QuestionDTO, chua thong tin cau hoi</returns>
        </member>
        <member name="M:JTest.BUS.PracticeBUS.getQuestionsFromIDsList(System.Int32[],System.Int32,System.String)">
            <summary>
            Ham lay ve mang cac danh sach theo cac ids cho truoc
            , chuc nang lam lai cac cau sai trong lan luyen tap truoc
            </summary>
            <param name="ids">kieu int[], chua list cac ids</param>
            <param name="level">kieu int, chua level cau hoi</param>
            <param name="type">kieu string, chua loai cau hoi</param>
            <returns>mang cac QuestionDTO,chua thong tin cau hoi</returns>
        </member>
        <member name="M:JTest.BUS.PracticeBUS.getMaxID(System.String)">
            <summary>
            Ham lay id cuoi cung trong danh sach
            </summary>
            <param name="table">kieu string, ten bang</param>
            <returns>kieu int, id cua cau hoi cuoi cung trong bang</returns>
        </member>
        <member name="M:JTest.BUS.PracticeBUS.getQuestionListInSuccessionOrder(JTest.DTO.SettingsPractiseDTO)">
            <summary>
            Ham lay mot mang cac cau hoi lien tiep tu CSDL, ten CSDL luu trong SettingPractice
            </summary>
            <param name="sp">kieu SettingPractice, chua thong tin luyen tap</param>
            <returns>mang cac QuestionDTO</returns>
        </member>
        <member name="M:JTest.BUS.PracticeBUS.getQuestionsFromIDsList(System.Int32[],JTest.DTO.SettingsPractiseDTO)">
            <summary>
            Ham lay mot mang cac cau hoi theo IDs cho truoc tu CSDL, ten CSDL luu trong SettingPractice
            </summary>
            <param name="ids">kieu int[], mang cac IDS cua cau hoi can lay</param>
            <param name="sp">kieu SettingPracticeDTO, chua thong tin luyen tap</param>
            <returns>mang cac QuestionDTO</returns>
        </member>
    </members>
</doc>
